244071,https://linhcorner.com/shop/uncategorized/purc-magical-keratin-hair-treatment-mask-5-seconds-repairs-damage-hair-root-hair-tonic-keratin-hair-scalp-treatment-tslm1/,"PURC Magical keratin Hair Treatment Mask 5 Seconds Repairs Damage Hair Root Hair Tonic Keratin Hair &amp; Scalp Treatment TSLM1",2020/09/PURC-Magical-keratin-Hair-Treatment-Mask-5-Seconds-Repairs-Damage-Hair-Root-Hair-Tonic-Keratin-Hair.jpg
244074,https://linhcorner.com/shop/uncategorized/purc-magical-keratin-hair-treatment-mask-5-seconds-repairs-damage-hair-root-hair-tonic-keratin-hair-scalp-treatment-tslm1-2/,"PURC Magical Keratin Hair Treatment Mask 5 Seconds Repairs Damage Hair Root Hair Tonic Keratin Hair &amp; Scalp Treatment TSLM1",2020/09/PURC-Magical-Keratin-Hair-Treatment-Mask-5-Seconds-Repairs-Damage-Hair-Root-Hair-Tonic-Keratin-Hair.jpg
244075,https://linhcorner.com/shop/uncategorized/120ml-magical-keratin-hair-treatment-mask-effectively-repair-damaged-dry-hair-5-seconds-nourish-hair-care-restore-soft-tslm1/,"120ml Magical Keratin Hair Treatment Mask Effectively Repair Damaged Dry Hair 5 Seconds Nourish Hair Care Restore Soft TSLM1",2020/09/120ml-Magical-Keratin-Hair-Treatment-Mask-Effectively-Repair-Damaged-Dry-Hair-5-Seconds-Nourish-Hair-Care.jpg
244077,https://linhcorner.com/shop/uncategorized/pure-silicone-shampoo-brush-massage-comb-scalp-spa-weight-loss-bath-brush-foaming-soft-brush-mini-wide-tooth-styling-comb/,"Pure silicone shampoo brush, massage comb, scalp spa weight loss bath brush, foaming soft brush, mini wide tooth styling comb",2020/09/Pure-silicone-shampoo-brush-massage-comb-scalp-spa-weight-loss-bath-brush-foaming-soft-brush-mini.jpg
244079,https://linhcorner.com/shop/uncategorized/40ml-pro-moroccan-pure-argan-oil-hair-essential-oil-growth-anti-hair-loss-dry-damaged-repair-multi-functional-hair-scalp-care/,"40ml Pro Moroccan Pure Argan Oil Hair Essential Oil Growth Anti Hair Loss Dry Damaged Repair Multi-functional Hair &amp; Scalp Care",2020/09/40ml-Pro-Moroccan-Pure-Argan-Oil-Hair-Essential-Oil-Growth-Anti-Hair-Loss-Dry-Damaged-Repair.jpg
244081,https://linhcorner.com/shop/uncategorized/50ml-magical-treatment-hair-mask-5-seconds-repairs-damage-hairinque-moisturizing-nourishing-restore-soft-hair-care-mask-tslm1/,"50ml Magical Treatment Hair Mask 5-Seconds Repairs Damage Hairinque Moisturizing Nourishing Restore Soft Hair Care Mask TSLM1",2020/09/50ml-Magical-Treatment-Hair-Mask-5-Seconds-Repairs-Damage-Hairinque-Moisturizing-Nourishing-Restore-Soft-Hair-Care.jpg
244132,https://linhcorner.com/shop/uncategorized/immetee-hair-color-spray-hair-color-repair-to-fill-the-hair-color-light-brown-dark-brown-black-3-colors-can-choose-75ml/,"IMMETEE Hair Color Spray Hair Color Repair To Fill The Hair Color Light Brown/Dark Brown/Black 3 Colors Can Choose 75ml",2020/09/IMMETEE-Hair-Color-Spray-Hair-Color-Repair-To-Fill-The-Hair-Color-Light-Brown-Dark-Brown.jpg
244135,https://linhcorner.com/shop/uncategorized/keratin-hair-care-mask-5-seconds-to-repair-damaged-hair-smooth-hair-50g-hair-treatment-mask-hair-scalp-treatments-tslm1/,"Keratin Hair Care Mask 5 Seconds To Repair Damaged Hair Smooth Hair 50g Hair Treatment Mask Hair &amp; Scalp Treatments TSLM1",2020/09/Keratin-Hair-Care-Mask-5-Seconds-To-Repair-Damaged-Hair-Smooth-Hair-50g-Hair-Treatment-Mask.jpg
244139,https://linhcorner.com/shop/uncategorized/8ml-8-seconds-salon-keratin-hair-mask-hair-care-premium-treatment-repairing-dry-damaged-hair-korean-hair-supple-hydration-cream/,"8ml 8 Seconds Salon Keratin Hair Mask Hair Care Premium Treatment Repairing Dry Damaged Hair Korean Hair Supple Hydration Cream",2020/09/8ml-8-Seconds-Salon-Keratin-Hair-Mask-Hair-Care-Premium-Treatment-Repairing-Dry-Damaged-Hair-Korean.jpg
244143,https://linhcorner.com/shop/uncategorized/new-1pc-magical-keratin-hair-treatment-mask-5-seconds-repairs-damage-hair-root-hair-tonic-keratin-hair-scalp-treatment-tslm1/,"New 1pc Magical Keratin Hair Treatment Mask 5 Seconds Repairs Damage Hair Root Hair Tonic Keratin Hair &amp; Scalp Treatment TSLM1",2020/09/New-1pc-Magical-Keratin-Hair-Treatment-Mask-5-Seconds-Repairs-Damage-Hair-Root-Hair-Tonic-Keratin.jpg
244149,https://linhcorner.com/shop/uncategorized/soap-hair-darkening-shampoo-bar-100-natural-organic-conditioner-moisturize-repair-gray-white-hair-color-dye-treatment-bamboo/,"Soap Hair Darkening Shampoo Bar - 100% Natural Organic Conditioner Moisturize Repair Gray White Hair Color Dye Treatment Bamboo",2020/09/Soap-Hair-Darkening-Shampoo-Bar-100-Natural-Organic-Conditioner-Moisturize-Repair-Gray-White-Hair-Color-Dye.jpg
244151,https://linhcorner.com/shop/uncategorized/5-seconds-fast-repair-hair-mask-dry-damaged-keratin-treatments-deep-hydration-lasting-nourish-scalp-hair-care-cream-78g-tslm2/,"5 Seconds Fast Repair Hair Mask Dry Damaged Keratin Treatments Deep Hydration Lasting Nourish Scalp Hair Care Cream 78g TSLM2",2020/09/5-Seconds-Fast-Repair-Hair-Mask-Dry-Damaged-Keratin-Treatments-Deep-Hydration-Lasting-Nourish-Scalp-Hair.jpg
244194,https://linhcorner.com/shop/uncategorized/sowsmile-keratin-collagen-silk-hair-scalp-care-lengthen-vitamins-serum-treatment-perfect-mix-powder-bcca-better-than-lador/,"SowSmile Keratin collagen Silk hair Scalp care lengthen vitamins serum treatment perfect mix powder BCCA better than Lador",2020/09/SowSmile-Keratin-collagen-Silk-hair-Scalp-care-lengthen-vitamins-serum-treatment-perfect-mix-powder-BCCA-better.jpg
244195,https://linhcorner.com/shop/uncategorized/10pcs-hair-vitamin-capsule-pro-keratin-complex-oil-smooth-silky-hair-serum-moroccan-oil-anti-hair-loss-hair-mask-repair-damaged/,"10pcs Hair Vitamin Capsule Pro Keratin Complex Oil Smooth Silky Hair Serum Moroccan Oil Anti Hair Loss Hair Mask Repair Damaged",2020/09/10pcs-Hair-Vitamin-Capsule-Pro-Keratin-Complex-Oil-Smooth-Silky-Hair-Serum-Moroccan-Oil-Anti-Hair.jpg
244201,https://linhcorner.com/shop/uncategorized/purc-50ml-coconut-oil-hair-mask-repairs-damage-restore-soft-good-or-all-hair-types-keratin-hair-scalp-treatment-for-hair-care/,"PURC 50ml Coconut Oil Hair MaskÂ Repairs damage restore soft good or all hair types keratin Hair &amp; Scalp Treatment for hair care",2020/09/PURC-50ml-Coconut-Oil-Hair-Mask-Repairs-damage-restore-soft-good-or-all-hair-types-keratin.jpg
244202,https://linhcorner.com/shop/uncategorized/moroccan-prevent-hair-loss-product-hair-growth-essential-oil-easy-to-carry-hair-care-nursing-35ml-both-male-and-female-can-use/,"Moroccan Prevent Hair Loss Product  Hair Growth Essential Oil Easy To Carry Hair Care Nursing 35ml Both male and female can use",2020/09/Moroccan-Prevent-Hair-Loss-Product-Hair-Growth-Essential-Oil-Easy-To-Carry-Hair-Care-Nursing-35ml.jpg
244204,https://linhcorner.com/shop/uncategorized/fast-powerful-hair-growth-essence-hair-loss-products-essential-oil-liquid-treatment-preventing-hair-loss-hair-care-products-20ml/,"Fast Powerful Hair Growth Essence Hair Loss Products Essential Oil Liquid Treatment Preventing Hair Loss Hair Care Products 20ml",2020/09/Fast-Powerful-Hair-Growth-Essence-Hair-Loss-Products-Essential-Oil-Liquid-Treatment-Preventing-Hair-Loss-Hair.jpg
244214,https://linhcorner.com/shop/uncategorized/hot-sale-magic-fast-hair-growth-dense-regrowth-serum-oil-bin-wild-hair-growth-tools-hair-care-anti-loss-treatment-essence-tslm1/,"HOT SALE Magic Fast Hair Growth Dense Regrowth Serum Oil Bin Wild Hair Growth Tools Hair Care Anti Loss Treatment Essence TSLM1",2020/09/HOT-SALE-Magic-Fast-Hair-Growth-Dense-Regrowth-Serum-Oil-Bin-Wild-Hair-Growth-Tools-Hair.jpg
244240,https://linhcorner.com/shop/uncategorized/20ml-natural-ginger-extract-liquid-hair-conditioner-hair-loss-essential-oils-damaged-hair-repair-growing-treatments-tslm1/,"20ml Natural Ginger Extract Liquid Hair Conditioner Hair Loss Essential Oils Damaged Hair Repair Growing Treatments TSLM1",2020/09/20ml-Natural-Ginger-Extract-Liquid-Hair-Conditioner-Hair-Loss-Essential-Oils-Damaged-Hair-Repair-Growing-Treatments.jpg
244249,https://linhcorner.com/shop/uncategorized/keratin-repairs-hair-regrowth-serum-herb-hair-scalp-treatment-deep-nourish-damage-hair-root-hair-care-essential-oil-30ml-tslm1/,"Keratin Repairs Hair Regrowth Serum Herb Hair &amp; Scalp Treatment Deep Nourish Damage Hair Root Hair Care Essential Oil 30ml TSLM1",2020/09/Keratin-Repairs-Hair-Regrowth-Serum-Herb-Hair-Scalp-Treatment-Deep-Nourish-Damage-Hair-Root-Hair-Care.jpg
244252,https://linhcorner.com/shop/uncategorized/laikou-40ml-morocco-pure-argan-oil-hair-growth-nut-essential-oil-anti-hair-loss-repair-for-repair-damaged-dry-hair-types-tslm1/,"LAIKOU 40ML Morocco Pure Argan Oil Hair Growth Nut Essential Oil Anti Hair Loss Repair for Repair Damaged Dry Hair Types TSLM1",2020/09/LAIKOU-40ML-Morocco-Pure-Argan-Oil-Hair-Growth-Nut-Essential-Oil-Anti-Hair-Loss-Repair-for.jpg
244254,https://linhcorner.com/shop/uncategorized/purc-magical-keratin-hair-treatment-mask-5-seconds-repairs-damage-hair-root-hair-tonic-keratin-hair-scalp-treatment/,"PURC  Magical keratin Hair Treatment Mask 5 Seconds Repairs Damage Hair Root Hair Tonic Keratin Hair &amp; Scalp Treatment",2020/09/PURC-Magical-keratin-Hair-Treatment-Mask-5-Seconds-Repairs-Damage-Hair-Root-Hair-Tonic-Keratin-Hair-6.jpg
244258,https://linhcorner.com/shop/uncategorized/magical-keratin-hair-treatment-mask-5-seconds-repairs-damage-hair-root-hair-tonic-keratin-hair-and-scalp-treatment/,"Magical keratin Hair Treatment Mask 5 Seconds Repairs Damage Hair Root Hair Tonic Keratin Hair And Scalp Treatment",2020/09/Magical-keratin-Hair-Treatment-Mask-5-Seconds-Repairs-Damage-Hair-Root-Hair-Tonic-Keratin-Hair-And.jpg
244285,https://linhcorner.com/shop/uncategorized/hair-moisturizing-moroccan-argan-hair-oil-pure-macadamia-nut-oil-repair-dry-damage-hair-treatment-absorbed-oils-nourish-scalp/,"Hair Moisturizing Moroccan Argan Hair Oil Pure Macadamia Nut Oil Repair Dry Damage Hair Treatment Absorbed Oils Nourish Scalp",2020/09/Hair-Moisturizing-Moroccan-Argan-Hair-Oil-Pure-Macadamia-Nut-Oil-Repair-Dry-Damage-Hair-Treatment-Absorbed.jpg
244290,https://linhcorner.com/shop/uncategorized/hot-sale-20ml-essential-oils-herbal-keratin-fast-hair-growth-essence-loss-liquid-ginger-dense-fast-grow-restoration-hair-care/,"Hot Sale 20ml Essential Oils Herbal Keratin Fast Hair Growth Essence Loss Liquid Ginger Dense Fast Grow Restoration Hair Care",2020/09/Hot-Sale-20ml-Essential-Oils-Herbal-Keratin-Fast-Hair-Growth-Essence-Loss-Liquid-Ginger-Dense-Fast.jpg
244309,https://linhcorner.com/shop/uncategorized/new-60ml-magical-keratin-hair-treatment-mask-5-seconds-repairs-damage-hair-root-hair-tonic-keratin-hair-scalp-treatme-tslm1/,"New 60ML Magical Keratin Hair Treatment Mask 5 Seconds Repairs Damage Hair Root Hair Tonic Keratin Hair &amp; Scalp Treatme TSLM1",2020/09/New-60ML-Magical-Keratin-Hair-Treatment-Mask-5-Seconds-Repairs-Damage-Hair-Root-Hair-Tonic-Keratin.jpg
244323,https://linhcorner.com/shop/uncategorized/60ml-hair-care-moroccan-pure-argan-oil-moisturize-increase-gloss-hair-oil-easily-absorbed-leave-in-hair-care-essential-tslm2/,"60ml Hair Care Moroccan Pure Argan Oil Moisturize &amp; Increase Gloss Hair Oil Easily Absorbed Leave-in Hair Care Essential TSLM2",2020/09/60ml-Hair-Care-Moroccan-Pure-Argan-Oil-Moisturize-Increase-Gloss-Hair-Oil-Easily-Absorbed-Leave-in.jpg
244325,https://linhcorner.com/shop/uncategorized/new-keratin-hair-treatmen-hair-straightening-repair-care-mask-smoothing-treatment-shiny-hair-conditioners/,"New Keratin Hair Treatmen Hair Straightening Repair Care Mask Smoothing Treatment Shiny Hair Conditioners",2020/09/New-Keratin-Hair-Treatmen-Hair-Straightening-Repair-Care-Mask-Smoothing-Treatment-Shiny-Hair-Conditioners.jpg
244331,https://linhcorner.com/shop/uncategorized/the-ordinary-multi-peptide-serum-for-hair-density-hair-growth-strength-polypeptide-scalp-serum-60ml/,"The Ordinary Multi-Peptide Serum For Hair Density Hair Growth Strength Polypeptide Scalp Serum 60ml",2020/09/The-Ordinary-Multi-Peptide-Serum-For-Hair-Density-Hair-Growth-Strength-Polypeptide-Scalp-Serum-60ml.jpg
244335,https://linhcorner.com/shop/uncategorized/hot-hair-care-dry-shampoo-powder-mattifying-powder-increases-hair-volume-captures-haircut-unisex-modeling-styling-powder-tslm2/,"Hot Hair Care Dry Shampoo Powder Mattifying Powder Increases Hair Volume Captures Haircut Unisex Modeling Styling Powder TSLM2",2020/09/Hot-Hair-Care-Dry-Shampoo-Powder-Mattifying-Powder-Increases-Hair-Volume-Captures-Haircut-Unisex-Modeling-Styling.jpg
244337,https://linhcorner.com/shop/uncategorized/lador-perfect-hair-fill-up-13ml-keratin-hair-treatment-serum-collagen-repair-hair-care-anti-hair-loss-product-korea-cosmetics/,"LADOR Perfect Hair Fill-up 13ml Keratin Hair Treatment Serum Collagen Repair Hair Care Anti Hair Loss Product Korea Cosmetics",2020/09/LADOR-Perfect-Hair-Fill-up-13ml-Keratin-Hair-Treatment-Serum-Collagen-Repair-Hair-Care-Anti-Hair.jpg
244370,https://linhcorner.com/shop/uncategorized/hair-care-moroccan-pure-argan-oil-hair-essential-oil-for-dry-hair-types-multi-functional-hair-care-products-for-woman/,"Hair Care Moroccan Pure Argan Oil Hair Essential Oil for Dry Hair Types Multi-functional Hair Care Products for Woman",2020/09/Hair-Care-Moroccan-Pure-Argan-Oil-Hair-Essential-Oil-for-Dry-Hair-Types-Multi-functional-Hair.jpg
244378,https://linhcorner.com/shop/uncategorized/hair-vegetarian-gummies-sugar-dietary-supplement-60-pieces-vitamin-c-new-sealed/,"Hair Vegetarian Gummies  Sugar Dietary Supplement 60 pieces Vitamin C New Sealed",2020/09/Hair-Vegetarian-Gummies-Sugar-Dietary-Supplement-60-pieces-Vitamin-C-New-Sealed.jpg
244382,https://linhcorner.com/shop/uncategorized/automatic-repair-heating-steam-hair-mask-smoothing-moisturizing-oil-for-hair-treatments-dry-pure-scalp-hair-care-mask/,"Automatic Repair Heating Steam Hair Mask Smoothing Moisturizing Oil for Hair Treatments Dry Pure Scalp Hair Care Mask",2020/09/Automatic-Repair-Heating-Steam-Hair-Mask-Smoothing-Moisturizing-Oil-for-Hair-Treatments-Dry-Pure-Scalp-Hair.jpg
244388,https://linhcorner.com/shop/uncategorized/45g-hair-growth-repair-spray-anti-hair-loss-essence-serum-for-fast-thick-hair-tonic-anti-frizz-hair-loss-treatment-repair-oil/,"45g Hair Growth Repair Spray Anti Hair Loss Essence Serum for Fast Thick Hair Tonic Anti-frizz Hair Loss Treatment Repair Oil",2020/09/45g-Hair-Growth-Repair-Spray-Anti-Hair-Loss-Essence-Serum-for-Fast-Thick-Hair-Tonic-Anti.jpg
244396,https://linhcorner.com/shop/uncategorized/moroccan-herbal-hair-growth-essence-nourish-serum-repair-smoothing-frizz-repair-hair-tips-new-tslm2/,"Moroccan Herbal Hair Growth Essence Nourish Serum Repair Smoothing Frizz Repair Hair Tips NEW TSLM2",2020/09/Moroccan-Herbal-Hair-Growth-Essence-Nourish-Serum-Repair-Smoothing-Frizz-Repair-Hair-Tips-NEW-TSLM2.jpg
244397,https://linhcorner.com/shop/uncategorized/2pcs-moisturizing-dry-damaged-maintenance-keratin-repair-treatment-hair-mask-hair-scalp-treatments/,"2pcs Moisturizing Dry Damaged Maintenance Keratin Repair Treatment Hair Mask Hair Scalp Treatments",2020/09/2pcs-Moisturizing-Dry-Damaged-Maintenance-Keratin-Repair-Treatment-Hair-Mask-Hair-Scalp-Treatments.jpg
244414,https://linhcorner.com/shop/uncategorized/120ml-magic-keratin-without-formalin-treatment-repair-damaged-hairstraighten-hair120ml-purifying-shampoo10ml-argan-oil/,"120ml Magic Keratin Without Formalin treatment Repair damaged hair&amp;straighten hair+120ml Purifying Shampoo+10ml Argan oil",2020/09/120ml-Magic-Keratin-Without-Formalin-treatment-Repair-damaged-hair-straighten-hair-120ml-Purifying-Shampoo-10ml-Argan.jpg
244440,https://linhcorner.com/shop/uncategorized/sevich-smooth-silky-hair-vitamin-capsule-keratin-complex-oil-hair-care-repair-damaged-hair-serum-moroccan-oil-anti-hair-loss/,"Sevich Smooth Silky Hair Vitamin Capsule Keratin Complex Oil Hair Care Repair Damaged Hair Serum Moroccan Oil Anti Hair Loss",2020/09/Sevich-Smooth-Silky-Hair-Vitamin-Capsule-Keratin-Complex-Oil-Hair-Care-Repair-Damaged-Hair-Serum-Moroccan.jpg
244445,https://linhcorner.com/shop/uncategorized/morocco-herbal-ginseng-keratin-hair-treatment-for-men-and-women-hair-loss-powerful-hair-care-growth-serum-repair-shampoo-lador/,"Morocco Herbal Ginseng Keratin Hair Treatment For Men And Women Hair Loss Powerful Hair Care Growth Serum Repair Shampoo Lador",2020/09/Morocco-Herbal-Ginseng-Keratin-Hair-Treatment-For-Men-And-Women-Hair-Loss-Powerful-Hair-Care-Growth.jpg
244453,https://linhcorner.com/shop/uncategorized/natural-hair-essential-oil-ginger-shampoo-bar-pure-hair-shampoos-hair-oils-capsule-shampoo-processed-cinnamon/,"Natural Hair Essential Oil Ginger Shampoo Bar Pure Hair Shampoos Hair Oils Capsule Shampoo Processed Cinnamon",2020/09/Natural-Hair-Essential-Oil-Ginger-Shampoo-Bar-Pure-Hair-Shampoos-Hair-Oils-Capsule-Shampoo-Processed-Cinnamon.jpg
244458,https://linhcorner.com/shop/uncategorized/purc-oplex-bond-repair-connections-of-damaged-hair-strengthen-hair-toughness-and-elasticity-hair-treatment/,"Purc Oplex Bond Repair Connections Of Damaged Hair, Strengthen Hair Toughness And Elasticity Hair Treatment",2020/09/Purc-Oplex-Bond-Repair-Connections-Of-Damaged-Hair-Strengthen-Hair-Toughness-And-Elasticity-Hair-Treatment.jpg
244474,https://linhcorner.com/shop/uncategorized/60g-deep-repair-hair-mask-nourishment-softening-conditioner-repair-hair-dry-hair-scalp-treatment-hair-care-drop-shipping-tslm2/,"60g Deep Repair Hair Mask Nourishment Softening Conditioner Repair Hair Dry Hair &amp; Scalp Treatment Hair Care Drop Shipping TSLM2",2020/09/60g-Deep-Repair-Hair-Mask-Nourishment-Softening-Conditioner-Repair-Hair-Dry-Hair-Scalp-Treatment-Hair-Care.jpg
244479,https://linhcorner.com/shop/uncategorized/30ml-fast-hair-growth-liquid-nourishing-essence-hair-oil-serum-anti-hair-loss-liquid-health-hair-care-scalp-massage-beauty-tslm1/,"30ml Fast Hair Growth Liquid Nourishing Essence Hair Oil Serum Anti Hair Loss Liquid Health Hair Care Scalp Massage Beauty TSLM1",2020/09/30ml-Fast-Hair-Growth-Liquid-Nourishing-Essence-Hair-Oil-Serum-Anti-Hair-Loss-Liquid-Health-Hair.jpg
244498,https://linhcorner.com/shop/uncategorized/advanced-molecular-hair-roots-treatment-magical-hair-treatment-mask-repairs-damage-hair-root-soft-hair-miracle-hair-treatment/,"Advanced Molecular Hair Roots Treatment Magical Hair Treatment Mask Repairs Damage Hair Root Soft Hair Miracle Hair Treatment",2020/09/Advanced-Molecular-Hair-Roots-Treatment-Magical-Hair-Treatment-Mask-Repairs-Damage-Hair-Root-Soft-Hair-Miracle.jpg
244531,https://linhcorner.com/shop/uncategorized/5-seconds-repairs-damage-hair-mask-keratin-hair-treatment-supple-smooth-root-nutrition-baking-oil-scalp-treatment-tslm2/,"5 Seconds Repairs Damage Hair Mask Keratin Hair Treatment Supple Smooth Root Nutrition Baking Oil Scalp Treatment TSLM2",2020/09/5-Seconds-Repairs-Damage-Hair-Mask-Keratin-Hair-Treatment-Supple-Smooth-Root-Nutrition-Baking-Oil-Scalp.jpg
244533,https://linhcorner.com/shop/uncategorized/30ml-hair-growth-serum-essential-oil-repair-scalp-follicles-preventing-hair-loss-promote-regeneration-treatment-essence-tslm2/,"30ml Hair Growth Serum Essential Oil Repair Scalp Follicles Preventing Hair Loss Promote Regeneration Treatment Essence TSLM2",2020/09/30ml-Hair-Growth-Serum-Essential-Oil-Repair-Scalp-Follicles-Preventing-Hair-Loss-Promote-Regeneration-Treatment-Essence.jpg
244546,https://linhcorner.com/shop/uncategorized/hair-care-oil-scalp-treatment-pure-moroccan-argan-oil-for-dry-damaged-hair-hair-care-essence-repair-hair-loss-nourishes/,"Hair Care Oil Scalp Treatment Pure Moroccan Argan Oil for Dry Damaged Hair Hair care essence Repair hair loss Nourishes",2020/09/Hair-Care-Oil-Scalp-Treatment-Pure-Moroccan-Argan-Oil-for-Dry-Damaged-Hair-Hair-care-essence.jpg
244564,https://linhcorner.com/shop/uncategorized/30ml-ginger-effective-hair-growth-hair-loss-treatment-hair-care-fast-hair-growth-essence-oil-for-men-women-tslm2/,"30ml Ginger Effective Hair Growth Hair Loss Treatment Hair Care Fast Hair Growth Essence Oil for Men Women TSLM2",2020/09/30ml-Ginger-Effective-Hair-Growth-Hair-Loss-Treatment-Hair-Care-Fast-Hair-Growth-Essence-Oil-for.jpg
244593,https://linhcorner.com/shop/uncategorized/purc-magical-keratin-hair-treatment-mask-5-seconds-repairs-damage-hair-root-hair-tonic-keratin-hair-scalp-treatment-2/,"PURC  Magical keratin Hair Treatment Mask 5 Seconds Repairs Damage Hair Root Hair Tonic Keratin Hair &amp; Scalp Treatment",2020/09/PURC-Magical-keratin-Hair-Treatment-Mask-5-Seconds-Repairs-Damage-Hair-Root-Hair-Tonic-Keratin-Hair-12.jpg
244598,https://linhcorner.com/shop/uncategorized/8-seconds-steam-hair-mask-cap-three-in-one-baked-oil-conditioner-smoothing-spa-free-steam-repairs-hair-mask-keratin-hair-care/,"8 Seconds Steam Hair Mask Cap Three-in-One Baked Oil Conditioner Smoothing SPA Free Steam Repairs Hair Mask Keratin Hair Care",2020/09/8-Seconds-Steam-Hair-Mask-Cap-Three-in-One-Baked-Oil-Conditioner-Smoothing-SPA-Free-Steam.jpg
244603,https://linhcorner.com/shop/uncategorized/without-formalin-keratin-hair-treatment-120ml-magic-master-brazilian-keratin-120ml-purifying-shampoo-set-with-free-gift-comb/,"Without Formalin Keratin Hair Treatment 120ml Magic Master Brazilian Keratin +120ml Purifying Shampoo Set With Free Gift Comb",2020/09/Without-Formalin-Keratin-Hair-Treatment-120ml-Magic-Master-Brazilian-Keratin-120ml-Purifying-Shampoo-Set-With-Free.jpg
244604,https://linhcorner.com/shop/uncategorized/hair-growth-serum-essence-anti-preventing-hair-loss-cure-scalp-strengthen-the-nutrition-of-root-accelerate-hair-growth-tslm2/,"Hair Growth Serum Essence Anti-preventing Hair Loss Cure Scalp  Strengthen the Nutrition of Root Accelerate Hair Growth TSLM2",2020/09/Hair-Growth-Serum-Essence-Anti-preventing-Hair-Loss-Cure-Scalp-Strengthen-the-Nutrition-of-Root-Accelerate.jpg
244612,https://linhcorner.com/shop/uncategorized/120ml-mmk-magic-master-keratin-treatment-repair-damaged-hair-straighten-cream-purifying-shampoo-free-hair-salon-essential-oil/,"120ml MMK Magic Master Keratin Treatment Repair Damaged Hair Straighten Cream Purifying Shampoo Free Hair Salon Essential Oil",2020/09/120ml-MMK-Magic-Master-Keratin-Treatment-Repair-Damaged-Hair-Straighten-Cream-Purifying-Shampoo-Free-Hair-Salon.jpg
244619,https://linhcorner.com/shop/uncategorized/head-hair-held-scalp-neck-equipment-stress-release-relax-massager-m27/,"Head Hair Held Scalp Neck Equipment Stress Release Relax Massager  m27",2020/09/Head-Hair-Held-Scalp-Neck-Equipment-Stress-Release-Relax-Massager-m27.jpg
244641,https://linhcorner.com/shop/uncategorized/automatic-heating-steam-hair-mask-keratin-repair-dry-damaged-replenishment-anti-hair-loss-moisturizing-nourishing-oil/,"Automatic Heating Steam Hair Mask Keratin Repair Dry Damaged Replenishment Anti Hair Loss Moisturizing Nourishing Oil",2020/09/Automatic-Heating-Steam-Hair-Mask-Keratin-Repair-Dry-Damaged-Replenishment-Anti-Hair-Loss-Moisturizing-Nourishing-Oil.jpg
244653,https://linhcorner.com/shop/uncategorized/sevich-100ml-hair-repair-spray-repairs-damage-restore-soft-hair-for-all-hair-types-keratin-hair-scalp-treatment/,"Sevich 100ml Hair Repair Spray Repairs damage restore soft hair for all hair types keratin Hair &amp; Scalp Treatment",2020/09/Sevich-100ml-Hair-Repair-Spray-Repairs-damage-restore-soft-hair-for-all-hair-types-keratin-Hair.jpg
244654,https://linhcorner.com/shop/uncategorized/firstsun-1box-50g-nutrition-keratin-nourishing-soft-hair-mask-repair-frizz-hair-root-moisturizing-hair-care-treatment-mask-tslm2/,"Firstsun 1Box 50g Nutrition Keratin Nourishing Soft Hair Mask Repair Frizz Hair Root Moisturizing Hair Care Treatment Mask TSLM2",2020/09/Firstsun-1Box-50g-Nutrition-Keratin-Nourishing-Soft-Hair-Mask-Repair-Frizz-Hair-Root-Moisturizing-Hair-Care.jpg
244656,https://linhcorner.com/shop/uncategorized/purc-coconut-oil-hair-mask-repairs-damage-restore-soft-good-or-all-hair-types-keratin-hair-treatment-for-hair-care-tslm1/,"PURC Coconut Oil Hair Mask Repairs Damage Restore Soft Good or All Hair Types keratin Hair Treatment for Hair Care TSLM1",2020/09/PURC-Coconut-Oil-Hair-Mask-Repairs-Damage-Restore-Soft-Good-or-All-Hair-Types-keratin-Hair.jpg
244658,https://linhcorner.com/shop/uncategorized/30ml-purc-natural-hair-growth-ginger-essence-loss-root-regrowth-treatment-hair-growth-spray-extract-prevent-hair-loss-tslm1/,"30ml PURC Natural Hair Growth Ginger Essence Loss Root Regrowth Treatment Hair Growth Spray Extract Prevent Hair Loss TSLM1",2020/09/30ml-PURC-Natural-Hair-Growth-Ginger-Essence-Loss-Root-Regrowth-Treatment-Hair-Growth-Spray-Extract-Prevent.jpg
244716,https://linhcorner.com/shop/uncategorized/sapphire-hair-transplant-blades-and-handle-hair-implanted-pen-hair-planting-tool/,"Sapphire Hair Transplant Blades and handle Hair implanted pen Hair planting tool",2020/09/Sapphire-Hair-Transplant-Blades-and-handle-Hair-implanted-pen-Hair-planting-tool.jpg
244721,https://linhcorner.com/shop/uncategorized/200ml-hair-growth-shampoo-anti-hair-loss-shampoo-regrowth-chinese-herbal-ginger-hair-repair-prevent-product-hair-loss-treatment/,"200ml Hair Growth Shampoo Anti Hair Loss Shampoo Regrowth Chinese Herbal Ginger Hair Repair Prevent Product Hair Loss Treatment",2020/09/200ml-Hair-Growth-Shampoo-Anti-Hair-Loss-Shampoo-Regrowth-Chinese-Herbal-Ginger-Hair-Repair-Prevent-Product.jpg
244723,https://linhcorner.com/shop/uncategorized/macadamia-nut-oil-hair-loss-product-authentic-100-essence-treatment-for-men-and-women-dry-and-damaged-hairs-nutrition-hair-care/,"Macadamia Nut Oil Hair Loss Product Authentic 100% Essence Treatment For Men And Women Dry and Damaged Hairs Nutrition Hair Care",2020/09/Macadamia-Nut-Oil-Hair-Loss-Product-Authentic-100-Essence-Treatment-For-Men-And-Women-Dry-and.jpg
244724,https://linhcorner.com/shop/uncategorized/professional-keratin-coconut-smelling-without-formalin-120ml-magic-master-keratin-hair-treatmentpurifying-shampooargan-oil-set/,"Professional Keratin Coconut Smelling Without Formalin 120ml Magic Master Keratin Hair Treatment+Purifying Shampoo+Argan Oil Set",2020/09/Professional-Keratin-Coconut-Smelling-Without-Formalin-120ml-Magic-Master-Keratin-Hair-Treatment-Purifying-Shampoo-Argan-Oil.jpg
244726,https://linhcorner.com/shop/uncategorized/120ml-magic-master-keratin-treatment-keratin-coconut-oil-hair-straightening-cream-without-formalin-magical-treatmentargan-oil/,"120ml Magic Master keratin Treatment Keratin Coconut Oil Hair Straightening Cream Without Formalin Magical Treatment+Argan Oil",2020/09/120ml-Magic-Master-keratin-Treatment-Keratin-Coconut-Oil-Hair-Straightening-Cream-Without-Formalin-Magical-Treatment-Argan.jpg
244728,https://linhcorner.com/shop/uncategorized/brainbow-1pc-anti-stress-head-massager-octopus-head-scalp-neck-equipment-stress-release-relax-massage-claw-massager/,"Brainbow 1PC Anti-stress Head Massager Octopus Head Scalp Neck Equipment Stress Release Relax Massage Claw Massager",2020/09/Brainbow-1PC-Anti-stress-Head-Massager-Octopus-Head-Scalp-Neck-Equipment-Stress-Release-Relax-Massage-Claw.jpg
244751,https://linhcorner.com/shop/uncategorized/3pcs-virgin-coconut-oil-extract-cold-pressed-natural-healthy-oil-for-aromatherapy-hairskin-care-makeup-remover-body-message/,"3PCS VIRGIN Coconut Oil Extract Cold Pressed Natural Healthy Oil for Aromatherapy Hair&amp;Skin Care /Makeup Remover/Body Message",2020/09/3PCS-VIRGIN-Coconut-Oil-Extract-Cold-Pressed-Natural-Healthy-Oil-for-Aromatherapy-Hair-Skin-Care-Makeup.jpg
244761,https://linhcorner.com/shop/uncategorized/hair-growth-essential-oil-hair-restorer-prevent-hair-loss-treatment-fast-grow-hair-repair-pilatory-promote-hair-growth/,"Hair Growth Essential Oil Hair-restorer Prevent Hair Loss Treatment Fast Grow Hair Repair Pilatory Promote Hair Growth",2020/09/Hair-Growth-Essential-Oil-Hair-restorer-Prevent-Hair-Loss-Treatment-Fast-Grow-Hair-Repair-Pilatory-Promote.jpg
244779,https://linhcorner.com/shop/uncategorized/grape-seed-hair-growth-essential-oils-hairdressing-hairs-mask-hair-care-oil-treatment-for-men-and-women-hair-loss-repair-damaged/,"Grape Seed Hair Growth Essential Oils Hairdressing Hairs Mask Hair Care Oil Treatment For Men And Women Hair Loss Repair Damaged",2020/09/Grape-Seed-Hair-Growth-Essential-Oils-Hairdressing-Hairs-Mask-Hair-Care-Oil-Treatment-For-Men-And.jpg
244785,https://linhcorner.com/shop/uncategorized/purc-hair-mask-hair-care-products-250ml-volcanic-mineral-mud-repair-mask-repair-damaged-hair-make-hair-smooth-and-shine/,"PURC Hair mask  hair care products 250ml volcanic mineral mud repair mask repair damaged hair make hair smooth and shine",2020/09/PURC-Hair-mask-hair-care-products-250ml-volcanic-mineral-mud-repair-mask-repair-damaged-hair-make.jpg
244793,https://linhcorner.com/shop/uncategorized/120ml-without-formalin-keratin-hair-treatment-with-good-smelling-straighten-damaged-firzzy-hair-get-one-free-red-comb/,"120ML Without Formalin Keratin Hair Treatment With Good Smelling Straighten Damaged Firzzy Hair Get One Free Red Comb",2020/09/120ML-Without-Formalin-Keratin-Hair-Treatment-With-Good-Smelling-Straighten-Damaged-Firzzy-Hair-Get-One-Free.jpg
244798,https://linhcorner.com/shop/uncategorized/120ml-without-formalin-keratin-coconut-smelling-repair-straighten-damaged-hair-care-treatment/,"120ml Without Formalin Keratin Coconut Smelling  Repair &amp; Straighten Damaged Hair Care Treatment",2020/09/120ml-Without-Formalin-Keratin-Coconut-Smelling-Repair-Straighten-Damaged-Hair-Care-Treatment.jpg
244809,https://linhcorner.com/shop/uncategorized/argan-oil-for-hair-care-treatment-essence-fast-powerful-hair-growth-liquid-hair-loss-products-serum-repair-keratine-herbal-20ml/,"Argan Oil For Hair Care Treatment Essence Fast Powerful Hair Growth Liquid Hair Loss Products Serum Repair Keratine Herbal 20ml",2020/09/Argan-Oil-For-Hair-Care-Treatment-Essence-Fast-Powerful-Hair-Growth-Liquid-Hair-Loss-Products-Serum.jpg
244810,https://linhcorner.com/shop/uncategorized/rtopr-moroccan-hair-care-essential-oil-prevents-hair-loss-and-promotes-hair-growth-essential-oil-repair-dry-split-ends-hair-care/,"RtopR Moroccan Hair Care Essential Oil Prevents Hair Loss And Promotes Hair Growth Essential Oil Repair Dry Split Ends Hair Care",2020/09/RtopR-Moroccan-Hair-Care-Essential-Oil-Prevents-Hair-Loss-And-Promotes-Hair-Growth-Essential-Oil-Repair.jpg
244821,https://linhcorner.com/shop/uncategorized/1pc-fashion-colors-55g-handmade-hair-shampoo-soap-cold-processed-cinnamon-ginger-shampoo-bar-pure-hair-shampoos-hair-care-tool/,"1Pc Fashion Colors 55g Handmade Hair Shampoo Soap Cold Processed Cinnamon Ginger Shampoo Bar Pure Hair Shampoos Hair Care Tool",2020/09/1Pc-Fashion-Colors-55g-Handmade-Hair-Shampoo-Soap-Cold-Processed-Cinnamon-Ginger-Shampoo-Bar-Pure-Hair.jpg
244825,https://linhcorner.com/shop/uncategorized/vitamin-q10-ampoule-collagen-hair-essence-lador-scalp-serum-keratin-hair-treatment-mask-repair-damage-hair-care-anti-hair-loss/,"Vitamin Q10 Ampoule Collagen Hair Essence LADOR Scalp Serum Keratin Hair Treatment Mask Repair Damage Hair Care Anti Hair Loss",2020/09/Vitamin-Q10-Ampoule-Collagen-Hair-Essence-LADOR-Scalp-Serum-Keratin-Hair-Treatment-Mask-Repair-Damage-Hair.jpg
244835,https://linhcorner.com/shop/uncategorized/best-korea-cosmetics-eyenlip-professional-hair-ampoule-10pcs-keratin-hair-treatment-hair-repair-straighten-damage-hair-care/,"Best Korea Cosmetics EYENLIP Professional Hair Ampoule 10pcs Keratin Hair Treatment Hair Repair Straighten Damage Hair Care",2020/09/Best-Korea-Cosmetics-EYENLIP-Professional-Hair-Ampoule-10pcs-Keratin-Hair-Treatment-Hair-Repair-Straighten-Damage-Hair.jpg
244838,https://linhcorner.com/shop/uncategorized/automatic-heating-steam-hair-mask-keratin-repair-dry-damaged-replenishment-anti-hair-loss-moisturizing-nourishing-oil-2/,"Automatic Heating Steam Hair Mask Keratin Repair Dry Damaged Replenishment Anti Hair Loss Moisturizing Nourishing Oil",2020/09/Automatic-Heating-Steam-Hair-Mask-Keratin-Repair-Dry-Damaged-Replenishment-Anti-Hair-Loss-Moisturizing-Nourishing-Oil-6.jpg
244861,https://linhcorner.com/shop/uncategorized/electric-hair-steamer-cap-hair-mask-baking-dryers-hair-heating-cap-thermal-treatment-hat-beauty-spa-nourishing-hair-styling-tool/,"Electric Hair Steamer Cap Hair Mask Baking Dryers Hair Heating Cap Thermal Treatment Hat Beauty SPA Nourishing Hair Styling Tool",2020/09/Electric-Hair-Steamer-Cap-Hair-Mask-Baking-Dryers-Hair-Heating-Cap-Thermal-Treatment-Hat-Beauty-SPA.jpg
244866,https://linhcorner.com/shop/uncategorized/60ml-magical-keratin-hair-care-mask-hair-treatment-conditioner-5-second-repairs-damage-hair-root-keratin-hair-scalp-treatment/,"60ml Magical Keratin Hair Care Mask Hair Treatment Conditioner 5 Second Repairs Damage Hair Root Keratin Hair Scalp Treatment",2020/09/60ml-Magical-Keratin-Hair-Care-Mask-Hair-Treatment-Conditioner-5-Second-Repairs-Damage-Hair-Root-Keratin.jpg
244872,https://linhcorner.com/shop/uncategorized/120ml-keratin-without-formalin-coconut-oil-repair-damagedstraighten-hair-120ml-purifying-shampootravel-suit/,"120ml Keratin Without Formalin Coconut oil Repair Damaged&amp;Straighten Hair +120ml Purifying Shampoo+Travel Suit",2020/09/120ml-Keratin-Without-Formalin-Coconut-oil-Repair-Damaged-Straighten-Hair-120ml-Purifying-Shampoo-Travel-Suit.jpg
244887,https://linhcorner.com/shop/uncategorized/100-pure-organic-castor-oil-for-hair-growth-body-care-hair-repairing-damaged-hair-growth-treatment-prevent-hair-loss-products/,"100% Pure Organic Castor Oil for Hair Growth Body Care Hair Repairing Damaged Hair Growth Treatment Prevent Hair Loss Products",2020/09/100-Pure-Organic-Castor-Oil-for-Hair-Growth-Body-Care-Hair-Repairing-Damaged-Hair-Growth-Treatment.jpg
244892,https://linhcorner.com/shop/uncategorized/ginger-moisturizing-hair-mask-damaged-repair-hair-care-treatment-cream-baked-ointment-hair-conditioner-dry-frizz-500ml/,"Ginger Moisturizing Hair Mask Damaged Repair Hair Care Treatment Cream Baked Ointment Hair Conditioner Dry Frizz 500ML",2020/09/Ginger-Moisturizing-Hair-Mask-Damaged-Repair-Hair-Care-Treatment-Cream-Baked-Ointment-Hair-Conditioner-Dry-Frizz.jpg
244903,https://linhcorner.com/shop/uncategorized/500ml-brazilian-keratin-hair-treatment-straightening-hair-12-formalin-care-repair-resistant-curly-and-moisturizing-hair/,"500ml Brazilian Keratin Hair Treatment Straightening Hair 12% Formalin Care Repair Resistant Curly and Moisturizing Hair",2020/09/500ml-Brazilian-Keratin-Hair-Treatment-Straightening-Hair-12-Formalin-Care-Repair-Resistant-Curly-and-Moisturizing-Hair.jpg
244912,https://linhcorner.com/shop/uncategorized/hair-growth-serum-keratin-hair-treatment-anti-hair-loss-oil-shampoo-for-hair-care-products-keratine-essential-oils-health-care/,"Hair Growth Serum Keratin Hair Treatment Anti Hair Loss Oil Shampoo For Hair Care Products Keratine Essential Oils Health Care",2020/09/Hair-Growth-Serum-Keratin-Hair-Treatment-Anti-Hair-Loss-Oil-Shampoo-For-Hair-Care-Products-Keratine.jpg
244916,https://linhcorner.com/shop/uncategorized/hair-mask-woman-long-hair-deep-repair-magical-treatment-hair-mask-moisturizing-nourishing-5seconds-50ml-magical-treatment-hair/,"Hair Mask Woman Long Hair Deep Repair Magical treatment hair mask moisturizing nourishing 5seconds 50ml Magical Treatment Hair",2020/09/Hair-Mask-Woman-Long-Hair-Deep-Repair-Magical-treatment-hair-mask-moisturizing-nourishing-5seconds-50ml-Magical.jpg
244928,https://linhcorner.com/shop/uncategorized/250g-argan-oil-hair-mask-nourishing-treatment-soft-smooth-repair-damage-treatment-hair-care-hair-treatment/,"250g Argan Oil Hair Mask Nourishing Treatment Soft Smooth Repair Damage Treatment Hair Care hair treatment",2020/09/250g-Argan-Oil-Hair-Mask-Nourishing-Treatment-Soft-Smooth-Repair-Damage-Treatment-Hair-Care-hair-treatment.jpg
244939,https://linhcorner.com/shop/uncategorized/mokeru-100-natural-organic-30ml-morocco-argan-oil-hair-care-scalp-essential-oil-for-repairing-dry-damage-hair-treatment/,"Mokeru 100% Natural Organic 30ml Morocco Argan Oil Hair Care Scalp Essential Oil For Repairing Dry Damage Hair Treatment",2020/09/Mokeru-100-Natural-Organic-30ml-Morocco-Argan-Oil-Hair-Care-Scalp-Essential-Oil-For-Repairing-Dry.jpg
244942,https://linhcorner.com/shop/uncategorized/coconut-oil-portable-blue-light-nano-sprayer-hairdressing-mist-hair-scalp-care-machine-220-240v-keratin-hair-treatment/,"Coconut Oil Portable Blue Light Nano Sprayer Hairdressing Mist Hair Scalp Care Machine 220-240V Keratin Hair Treatment",2020/09/Coconut-Oil-Portable-Blue-Light-Nano-Sprayer-Hairdressing-Mist-Hair-Scalp-Care-Machine-220-240V-Keratin.jpg
244950,https://linhcorner.com/shop/uncategorized/purc-8-formalin-keratin-brazil-keratin-treatment-100ml-purifying-shampoo-hair-care-make-hair-straightening-smoothing-shinning/,"PURC 8% formalin keratin Brazil Keratin Treatment 100ml purifying shampoo hair care make hair straightening smoothing shinning",2020/09/PURC-8-formalin-keratin-Brazil-Keratin-Treatment-100ml-purifying-shampoo-hair-care-make-hair-straightening-smoothing.jpg
244954,https://linhcorner.com/shop/uncategorized/hair-treatment-5-inch-rechargeable-scalp-hair-follicle-oil-moisture-magnifying-detector-analyzer-skin-pigment-tester-100-240v/,"Hair Treatment 5 Inch Rechargeable Scalp Hair Follicle Oil Moisture Magnifying Detector Analyzer Skin Pigment Tester 100-240V",2020/09/Hair-Treatment-5-Inch-Rechargeable-Scalp-Hair-Follicle-Oil-Moisture-Magnifying-Detector-Analyzer-Skin-Pigment-Tester.jpg
244957,https://linhcorner.com/shop/uncategorized/new-hair-growth-essence-oil-fast-powerful-hair-growth-oil-products-essential-oil-treatment-preventing-hair-loss-hair-care-30ml/,"New Hair Growth Essence Oil  Fast Powerful Hair Growth Oil  Products Essential Oil Treatment Preventing Hair Loss Hair Care 30ml",2020/09/New-Hair-Growth-Essence-Oil-Fast-Powerful-Hair-Growth-Oil-Products-Essential-Oil-Treatment-Preventing-Hair.jpg
244976,https://linhcorner.com/shop/uncategorized/20ml-hair-oil-fast-hair-growth-essence-human-baldness-natural-herbal-powerful-hair-growth-treatment-fluid-anti-hair-loss/,"20ml Hair Oil  Fast Hair Growth Essence Human Baldness Natural Herbal Powerful Hair Growth Treatment Fluid Anti Hair Loss",2020/09/20ml-Hair-Oil-Fast-Hair-Growth-Essence-Human-Baldness-Natural-Herbal-Powerful-Hair-Growth-Treatment-Fluid.jpg
244982,https://linhcorner.com/shop/uncategorized/purc-magical-deep-hair-repair-keratin-hair-scalp-treatment-moisturizing-nourishing-hair-mask-5-seconds-repairs-hair-damage/,"PURC Magical Deep Hair Repair keratin Hair &amp; Scalp Treatment Moisturizing Nourishing Hair Mask 5 Seconds Repairs Hair Damage",2020/09/PURC-Magical-Deep-Hair-Repair-keratin-Hair-Scalp-Treatment-Moisturizing-Nourishing-Hair-Mask-5-Seconds-Repairs.jpg
244985,https://linhcorner.com/shop/uncategorized/natural-argan-oil-hair-mask-moisturizinghair-care-cream-repairing-supple-strengthening-dried-damaged-hair-treatment-conditioner/,"Natural Argan Oil Hair Mask MoisturizingHair Care Cream Repairing Supple Strengthening Dried Damaged Hair Treatment  Conditioner",2020/09/Natural-Argan-Oil-Hair-Mask-MoisturizingHair-Care-Cream-Repairing-Supple-Strengthening-Dried-Damaged-Hair-Treatment-Conditioner.jpg
245000,https://linhcorner.com/shop/uncategorized/one-time-hair-dye-instant-brown-root-coverage-hair-color-modify-cream-stick-temporary-cover-up-white-hair-colour-dye-treatments/,"One-Time Hair dye Instant Brown Root Coverage Hair Color Modify Cream Stick Temporary Cover Up White Hair Colour Dye Treatments",2020/09/One-Time-Hair-dye-Instant-Brown-Root-Coverage-Hair-Color-Modify-Cream-Stick-Temporary-Cover-Up.jpg
245015,https://linhcorner.com/shop/uncategorized/manually-implanted-eyebrow-hair-planting-hair-tool-hair-transplant-pen-hair-follicle-planting-pen/,"Manually implanted eyebrow hair planting hair tool hair transplant pen hair follicle planting pen",2020/09/Manually-implanted-eyebrow-hair-planting-hair-tool-hair-transplant-pen-hair-follicle-planting-pen.jpg
245020,https://linhcorner.com/shop/uncategorized/moroccan-pure-argan-oil-hair-care-hair-essence-oil-treatment-for-dry-hair-types-hair-and-scalp-treatment-60ml/,"Moroccan Pure Argan Oil Hair Care Hair Essence Oil Treatment For Dry Hair Types Hair And Scalp Treatment 60ml",2020/09/Moroccan-Pure-Argan-Oil-Hair-Care-Hair-Essence-Oil-Treatment-For-Dry-Hair-Types-Hair-And.jpg
245024,https://linhcorner.com/shop/uncategorized/1pcs-five-finger-head-relax-massager-hair-held-spa-hair-scalp-care-neck-stress-relief-massage-release-head-physician-ball-comb/,"1Pcs Five Finger Head Relax Massager Hair Held SPA Hair Scalp Care Neck Stress Relief Massage Release Head Physician Ball Comb",2020/09/1Pcs-Five-Finger-Head-Relax-Massager-Hair-Held-SPA-Hair-Scalp-Care-Neck-Stress-Relief-Massage.jpg
245029,https://linhcorner.com/shop/uncategorized/ginseng-hair-growth-essence-anti-hair-loss-liquid-20ml-fast-restoration-dense-hair-growth-serum-powerful-repair-hair-root/,"Ginseng Hair Growth Essence Anti Hair Loss Liquid 20ML Fast Restoration Dense Hair Growth Serum Powerful Repair Hair Root",2020/09/Ginseng-Hair-Growth-Essence-Anti-Hair-Loss-Liquid-20ML-Fast-Restoration-Dense-Hair-Growth-Serum-Powerful.jpg
245034,https://linhcorner.com/shop/uncategorized/ginger-7-days-hair-care-ginger-germinal-essential-oil-polygonum-anti-hair-loss-10ml-dry-and-damaged-hair-nutrition/,"Ginger 7 Days Hair Care Ginger Germinal Essential Oil Polygonum Anti-Hair Loss 10ml Dry And Damaged Hair Nutrition",2020/09/Ginger-7-Days-Hair-Care-Ginger-Germinal-Essential-Oil-Polygonum-Anti-Hair-Loss-10ml-Dry-And.jpg
245064,https://linhcorner.com/shop/uncategorized/cp-1-premium-hair-treatment-pouch-keratin-hair-mask-collagen-natural-hair-scalp-care-vitamins-treatment-hair-loss-conditioner/,"CP-1 Premium Hair Treatment Pouch Keratin Hair Mask Collagen Natural Hair Scalp Care Vitamins Treatment Hair Loss Conditioner",2020/09/CP-1-Premium-Hair-Treatment-Pouch-Keratin-Hair-Mask-Collagen-Natural-Hair-Scalp-Care-Vitamins-Treatment.jpg
245069,https://linhcorner.com/shop/uncategorized/hair-transplant-punch-size-0-8-mm-0-9mm-1-0mm-hair-follicle-extraction-tool/,"hair transplant Punch Size 0.8 MM 0.9MM 1.0MM Hair follicle extraction tool",2020/09/hair-transplant-Punch-Size-0-8-MM-0-9MM-1-0MM-Hair-follicle-extraction-tool-scaled.jpg
245076,https://linhcorner.com/shop/uncategorized/anti-stress-tens-pain-relief-octopus-head-scalp-massage-neck-stress-release-relax-massager-claw-hair-scalp-treatments-tools/,"Anti-stress Tens Pain Relief Octopus Head Scalp Massage Neck Stress Release Relax Massager Claw Hair Scalp Treatments Tools",2020/09/Anti-stress-Tens-Pain-Relief-Octopus-Head-Scalp-Massage-Neck-Stress-Release-Relax-Massager-Claw-Hair.jpg
245081,https://linhcorner.com/shop/uncategorized/120ml-hair-care-essential-oil-argan-oil-nourish-scalp-repair-dry-damage-hair-treatment-nursing-glycerol-hairdressing-hair-care/,"120ml Hair Care Essential Oil Argan Oil Nourish Scalp Repair Dry Damage Hair Treatment Nursing Glycerol Hairdressing Hair Care",2020/09/120ml-Hair-Care-Essential-Oil-Argan-Oil-Nourish-Scalp-Repair-Dry-Damage-Hair-Treatment-Nursing-Glycerol.jpg
245086,https://linhcorner.com/shop/uncategorized/omy-lady-60ml-natural-hair-essential-oil-deep-nourish-hairlines-repair-damaged-hair-for-split-ends-long-hair-treatment-serum/,"OMY LADY 60ML Natural Hair Essential Oil Deep Nourish Hairlines Repair Damaged Hair For Split Ends Long Hair Treatment  Serum",2020/09/OMY-LADY-60ML-Natural-Hair-Essential-Oil-Deep-Nourish-Hairlines-Repair-Damaged-Hair-For-Split-Ends.jpg
245109,https://linhcorner.com/shop/uncategorized/new-hair-planting-tools-hair-transplant-punch-stainless-steel-hair-transplant-instruments-1pc/,"New Hair Planting tools Hair transplant punch Stainless steel hair transplant instruments 1pc",2020/09/New-Hair-Planting-tools-Hair-transplant-punch-Stainless-steel-hair-transplant-instruments-1pc.jpg
245118,https://linhcorner.com/shop/uncategorized/best-1-0mm-manually-implanted-tools-eyebrow-hair-planting-hair-tool-hair-transplant-pen-hair-follicle-planting-pen-tips/,"Best 1.0mm Manually implanted Tools eyebrow hair planting hair tool hair transplant pen hair follicle planting pen tips",2020/09/Best-1-0mm-Manually-implanted-Tools-eyebrow-hair-planting-hair-tool-hair-transplant-pen-hair-follicle.jpg
245122,https://linhcorner.com/shop/uncategorized/dexe-hair-building-fibers-22g-black-color-1/,"Dexe HAIR BUILDING FIBERS 22G BLACK COLOR #1",2020/09/Dexe-HAIR-BUILDING-FIBERS-22G-BLACK-COLOR-1.jpg
245143,https://linhcorner.com/shop/uncategorized/omy-lady-repair-damage-hair-root-hair-tonic-keratin-hair-scalp-treatment-disposable-no-steaming-spa-repairing-hair-mask-30ml/,"OMY LADY Repair Damage Hair Root Hair Tonic Keratin Hair &amp; Scalp Treatment Disposable No Steaming Spa Repairing Hair Mask 30ml",2020/09/OMY-LADY-Repair-Damage-Hair-Root-Hair-Tonic-Keratin-Hair-Scalp-Treatment-Disposable-No-Steaming-Spa.jpg
245147,https://linhcorner.com/shop/uncategorized/hair-transplant-implanter-fue-punch-size-0-8-mm-0-9mm-1-0mm-ertip-type-tools-brand-new/,"Hair Transplant Implanter FUE Punch Size 0.8 MM  0.9MM  1.0MM ERTIP Type Tools Brand New",2020/09/Hair-Transplant-Implanter-FUE-Punch-Size-0-8-MM-0-9MM-1-0MM-ERTIP-Type-Tools.jpg
245157,https://linhcorner.com/shop/uncategorized/portable-hair-building-fiber-powder-spray-applicator-sprayer-hair-extensions-hair-fiber-spray-nozzle-pump-for-hair-loss-restore/,"Portable Hair Building Fiber Powder Spray Applicator Sprayer Hair Extensions Hair Fiber Spray Nozzle Pump for Hair Loss Restore",2020/09/Portable-Hair-Building-Fiber-Powder-Spray-Applicator-Sprayer-Hair-Extensions-Hair-Fiber-Spray-Nozzle-Pump-for.jpg
245176,https://linhcorner.com/shop/uncategorized/10pcs-automatic-heating-steam-hair-mask-keratin-argan-oil-treatment-hair-coarse-dry-split-ends/,"10PCS Automatic Heating Steam Hair Mask Keratin Argan Oil Treatment Hair Coarse Dry Split Ends",2020/09/10PCS-Automatic-Heating-Steam-Hair-Mask-Keratin-Argan-Oil-Treatment-Hair-Coarse-Dry-Split-Ends.jpg
245179,https://linhcorner.com/shop/uncategorized/purc-best-straightening-hair-product-brazilian-keratin-free-formaldehyde-and-100ml-purifying-shampoo-repair-and-straighten/,"PURC best straightening hair product brazilian keratin free formaldehyde and 100ml purifying shampoo repair and straighten",2020/09/PURC-best-straightening-hair-product-brazilian-keratin-free-formaldehyde-and-100ml-purifying-shampoo-repair-and-straighten.jpg
245187,https://linhcorner.com/shop/uncategorized/manually-hair-implanted-tools-eyebrows-beard-planting-hair-transplant-pen-hair-follicle-planting-pen/,"Manually hair implanted Tools Eyebrows beard planting hair  transplant pen hair follicle planting pen",2020/09/Manually-hair-implanted-Tools-Eyebrows-beard-planting-hair-transplant-pen-hair-follicle-planting-pen.jpg
245188,https://linhcorner.com/shop/uncategorized/4pcs-free-shipping-2018-hot-automatic-heating-steam-hair-mask-keratin-argan-oil-treatment-hair-coarse-dry-split-ends/,"4pcs Free Shipping 2018 Hot  Automatic Heating Steam Hair Mask Keratin Argan Oil Treatment Hair Coarse, Dry, Split Ends",2020/09/4pcs-Free-Shipping-2018-Hot-Automatic-Heating-Steam-Hair-Mask-Keratin-Argan-Oil-Treatment-Hair-Coarse.jpg
245191,https://linhcorner.com/shop/uncategorized/omy-lady-repair-damage-hair-root-hair-tonic-keratin-hair-scalp-treatment-disposable-no-steaming-spa-repairing-hair-mask-30ml-2/,"OMY LADY Repair Damage Hair Root Hair Tonic Keratin Hair &amp; Scalp Treatment Disposable No Steaming Spa Repairing Hair Mask 30ml",2020/09/OMY-LADY-Repair-Damage-Hair-Root-Hair-Tonic-Keratin-Hair-Scalp-Treatment-Disposable-No-Steaming-Spa-6.jpg
245229,https://linhcorner.com/shop/uncategorized/magical-treatment-free-comb120ml-magic-master-keratin-without-formalin-hair-treatment120ml-purifying-shampoo-hair-care-set/,"Magical Treatment Free comb&amp;120ml Magic Master Keratin Without Formalin Hair Treatment+120ML Purifying Shampoo Hair Care Set",2020/09/Magical-Treatment-Free-comb-120ml-Magic-Master-Keratin-Without-Formalin-Hair-Treatment-120ML-Purifying-Shampoo-Hair.jpg
245232,https://linhcorner.com/shop/uncategorized/hair-repair-mask-for-damaged-hair-care-magical-treatment-vitamins-mask-hair-filler-keratin-cream-salon-essential-oil/,"HAIR REPAIR MASK for damaged hair care magical treatment VITAMINS MASK hair filler keratin cream salon essential oil",2020/09/HAIR-REPAIR-MASK-for-damaged-hair-care-magical-treatment-VITAMINS-MASK-hair-filler-keratin-cream-salon.jpg
245233,https://linhcorner.com/shop/uncategorized/mmk-120ml-mmk-hair-straightener-cream-without-formaldehyde-curly-hair-products-coconut-smell-hair-treatment-with-travel-suit/,"MMk 120ml MMK Hair Straightener Cream Without Formaldehyde curly hair products Coconut Smell Hair Treatment with Travel Suit",2020/09/MMk-120ml-MMK-Hair-Straightener-Cream-Without-Formaldehyde-curly-hair-products-Coconut-Smell-Hair-Treatment-with.jpg
245236,https://linhcorner.com/shop/uncategorized/2020-newest-hair-treatment-100ml-repairs-damaged-hair-keratin-5-formaldehyde-magical-keratin/,"2020 Newest Hair Treatment 100ML Repairs Damaged Hair Keratin 5% Formaldehyde Magical Keratin",2020/09/2020-Newest-Hair-Treatment-100ML-Repairs-Damaged-Hair-Keratin-5-Formaldehyde-Magical-Keratin.jpg
245241,https://linhcorner.com/shop/uncategorized/professional-12-formaldehyde-300ml-brazilian-keratin-treatment-for-resistant-hair300ml-purifying-shampoohair-flat-iron-tool/,"Professional 12% Formaldehyde 300ml Brazilian Keratin Treatment For Resistant Hair+300ml Purifying Shampoo+Hair Flat Iron Tool",2020/09/Professional-12-Formaldehyde-300ml-Brazilian-Keratin-Treatment-For-Resistant-Hair-300ml-Purifying-Shampoo-Hair-Flat-Iron.jpg
245244,https://linhcorner.com/shop/uncategorized/newest-product-best-selling-2pcs-organcia-shape-and-smooth-superior-natural-hydrolyzed-keratin-for-repairingsmoothing-hair-set/,"Newest Product Best Selling 2pcs Organcia Shape and Smooth Superior Natural Hydrolyzed Keratin For Repairing&amp;Smoothing Hair Set",2020/09/Newest-Product-Best-Selling-2pcs-Organcia-Shape-and-Smooth-Superior-Natural-Hydrolyzed-Keratin-For-Repairing-Smoothing.jpg
245267,https://linhcorner.com/shop/uncategorized/2pcs-lot-hair-fast-growing-essence-treatment-for-men-and-women-hair-loss-serum-repair-hair-root-treating-dry-hair-hare-care/,"2Pcs/lot Hair Fast Growing Essence Treatment For Men And Women Hair Loss Serum Repair Hair Root Treating Dry Hair Hare Care",2020/09/2Pcs-lot-Hair-Fast-Growing-Essence-Treatment-For-Men-And-Women-Hair-Loss-Serum-Repair-Hair.jpg
245273,https://linhcorner.com/shop/uncategorized/5pcs-lot-hair-treatment-oil-for-hair-fast-hair-growth-essence-hairdressing-essential-oil-dry-and-damaged-hairs-nutrition-korea/,"5pcs/lot Hair Treatment Oil For Hair Fast Hair Growth Essence Hairdressing Essential Oil Dry and Damaged Hairs Nutrition korea",2020/09/5pcs-lot-Hair-Treatment-Oil-For-Hair-Fast-Hair-Growth-Essence-Hairdressing-Essential-Oil-Dry-and.jpg
245279,https://linhcorner.com/shop/uncategorized/fue-hair-transplant-forceps-hair-transplant-implanter-curved-straight-0-4mm-hair-transplant-tweezer-titanium/,"Fue Hair Transplant Forceps Hair Transplant Implanter Curved/Straight 0.4mm Hair Transplant Tweezer Titanium",2020/09/Fue-Hair-Transplant-Forceps-Hair-Transplant-Implanter-Curved-Straight-0-4mm-Hair-Transplant-Tweezer-Titanium.jpg
245283,https://linhcorner.com/shop/uncategorized/manually-implanted-tools-eyebrow-hair-planting-tool-hair-transplant-pen/,"Manually implanted Tools eyebrow hair planting tool hair transplant pen",2020/09/Manually-implanted-Tools-eyebrow-hair-planting-tool-hair-transplant-pen.jpg
245285,https://linhcorner.com/shop/uncategorized/0-90mm-60-degree-sapphire-hair-transplant-knife-hair-follicle-planting-pen/,"0.90mm 60 degree Sapphire Hair Transplant Knife hair follicle planting pen",2020/09/0-90mm-60-degree-Sapphire-Hair-Transplant-Knife-hair-follicle-planting-pen.jpg
245286,https://linhcorner.com/shop/uncategorized/hair-vitamin-capsule-pro-keratin-complex-oil-smooth-silky-hair-moroccan-oil-anti-hair-loss-agent-mask-repair-damaged-hair-serum/,"Hair Vitamin Capsule Pro Keratin Complex Oil Smooth Silky Hair Moroccan Oil Anti Hair Loss Agent Mask Repair Damaged Hair Serum",2020/09/Hair-Vitamin-Capsule-Pro-Keratin-Complex-Oil-Smooth-Silky-Hair-Moroccan-Oil-Anti-Hair-Loss-Agent.jpg
245318,https://linhcorner.com/shop/uncategorized/0-4mm-fue-hair-transplant-forceps-hair-transplant-implanter-hair-transplant-tweezer-titanium/,"0.4mm Fue Hair Transplant Forceps Hair Transplant Implanter Hair Transplant Tweezer Titanium",2020/09/0-4mm-Fue-Hair-Transplant-Forceps-Hair-Transplant-Implanter-Hair-Transplant-Tweezer-Titanium.jpg
245319,https://linhcorner.com/shop/uncategorized/lavdik-hair-mask-dry-damaged-hair-restoration-effective-hair-treatment-cream-moisturizing-anti-frizz-hair-mask-hair-scalp/,"LAVDIK Hair Mask Dry &amp; Damaged Hair Restoration Effective Hair Treatment Cream Moisturizing Anti Frizz Hair Mask Hair Scalp",2020/09/LAVDIK-Hair-Mask-Dry-Damaged-Hair-Restoration-Effective-Hair-Treatment-Cream-Moisturizing-Anti-Frizz-Hair-Mask.jpg
245340,https://linhcorner.com/shop/uncategorized/2pcs-lot-prevent-hair-loss-product-hair-growth-essential-hair-care-essence-treatment-for-men-and-women-dry-and-damaged-hairs/,"2pcs/lot Prevent Hair Loss Product Hair Growth Essential Hair Care Essence Treatment For Men And Women Dry and Damaged Hairs",2020/09/2pcs-lot-Prevent-Hair-Loss-Product-Hair-Growth-Essential-Hair-Care-Essence-Treatment-For-Men-And.jpg
245344,https://linhcorner.com/shop/uncategorized/5pcs-lot-hot-automatic-heating-steam-hair-mask-repairs-damage-restore-soft-hair-make-hair-smoothing-shine/,"5pcs/lot Hot Automatic Heating Steam Hair Mask Repairs damage restore soft hair Make Hair Smoothing Shine",2020/09/5pcs-lot-Hot-Automatic-Heating-Steam-Hair-Mask-Repairs-damage-restore-soft-hair-Make-Hair-Smoothing.jpg
245350,https://linhcorner.com/shop/uncategorized/10pcs-aliver-keratin-treatment-automatic-heating-steam-argan-oil-hair-mask-moisturize-nourish-hair-coarse-dry-split-ends/,"10pcs Aliver Keratin Treatment Automatic Heating Steam Argan Oil Hair Mask Moisturize Nourish Hair Coarse Dry Split Ends",2020/09/10pcs-Aliver-Keratin-Treatment-Automatic-Heating-Steam-Argan-Oil-Hair-Mask-Moisturize-Nourish-Hair-Coarse-Dry.jpg
245355,https://linhcorner.com/shop/uncategorized/professional-laikou-30ml-hair-mask-keratin-hair-treatment-coconut-argan-oil-treatment-moisturizing-damaged-hair-care-mask-dry/,"Professional LAIKOU 30ml Hair Mask Keratin Hair Treatment Coconut Argan Oil Treatment Moisturizing Damaged Hair Care Mask Dry",2020/09/Professional-LAIKOU-30ml-Hair-Mask-Keratin-Hair-Treatment-Coconut-Argan-Oil-Treatment-Moisturizing-Damaged-Hair-Care.jpg
245361,https://linhcorner.com/shop/uncategorized/30ml-hair-care-for-hair-growth-essence-essential-oils-hair-loss-liquid-dense-hair-growth-serum/,"30ml Hair Care for Hair Growth Essence Essential Oils Hair Loss Liquid Dense Hair Growth Serum",2020/09/30ml-Hair-Care-for-Hair-Growth-Essence-Essential-Oils-Hair-Loss-Liquid-Dense-Hair-Growth-Serum.jpg
245368,https://linhcorner.com/shop/uncategorized/2pcs-hot-set-new-hair-smooth-and-shine-products-300ml-keratin-daily-shampoo-after-straighten-hair-free-shipping/,"2pcs Hot Set New Hair Smooth and Shine Products 300ML Keratin Daily Shampoo After Straighten Hair Free Shipping",2020/09/2pcs-Hot-Set-New-Hair-Smooth-and-Shine-Products-300ML-Keratin-Daily-Shampoo-After-Straighten-Hair.jpg
245373,https://linhcorner.com/shop/uncategorized/hair-growth-essence-30ml-effective-scalp-nutritious-repair-hair-growth-enhance-tool-hair-care-healthy-hair-growth-essence-oil/,"Hair Growth Essence 30ml Effective Scalp Nutritious Repair Hair Growth Enhance Tool Hair Care Healthy Hair Growth Essence Oil",2020/09/Hair-Growth-Essence-30ml-Effective-Scalp-Nutritious-Repair-Hair-Growth-Enhance-Tool-Hair-Care-Healthy-Hair.jpg
245382,https://linhcorner.com/shop/uncategorized/laikou-morocco-pure-argan-oil-scalp-frizzy-dry-damaged-hair-repair-treatment-hair-care-oil-split-ends-conditioner-60ml/,"LAIKOU Morocco Pure Argan Oil Scalp Frizzy Dry Damaged Hair Repair Treatment Hair Care Oil Split Ends Conditioner 60ML",2020/09/LAIKOU-Morocco-Pure-Argan-Oil-Scalp-Frizzy-Dry-Damaged-Hair-Repair-Treatment-Hair-Care-Oil-Split.jpg
245391,https://linhcorner.com/shop/uncategorized/30g-men-beard-oil-balm-moustache-wax-for-styling-beeswax-moisturizing-smoothing-gentlemen-beard-care-product-conditioner/,"30g Men Beard Oil Balm Moustache Wax for styling Beeswax Moisturizing Smoothing Gentlemen Beard Care Product Conditioner",2020/09/30g-Men-Beard-Oil-Balm-Moustache-Wax-for-styling-Beeswax-Moisturizing-Smoothing-Gentlemen-Beard-Care-Product.jpg
245399,https://linhcorner.com/shop/uncategorized/hot-15ml-hair-mask-tail-nursing-mask-deep-nourishment-hair-membrane-repair-hair-bifurcation-buttercup-hair-treatment-care/,"HOT 15ml Hair Mask Tail Nursing Mask Deep Nourishment Hair Membrane Repair Hair Bifurcation Buttercup Hair Treatment Care",2020/09/HOT-15ml-Hair-Mask-Tail-Nursing-Mask-Deep-Nourishment-Hair-Membrane-Repair-Hair-Bifurcation-Buttercup-Hair.jpg
245401,https://linhcorner.com/shop/uncategorized/1000ml-magic-master-brazilian-keratin-coconut-oil-smell-without-formalin-hair-treatment-damage-hair/,"1000ml Magic Master Brazilian Keratin Coconut Oil Smell Without Formalin Hair Treatment Damage Hair",2020/09/1000ml-Magic-Master-Brazilian-Keratin-Coconut-Oil-Smell-Without-Formalin-Hair-Treatment-Damage-Hair.jpg
245404,https://linhcorner.com/shop/uncategorized/natural-fast-powerful-hair-growth-essence-spray-productpreventing-baldness-consolidating-anti-hair-loss-nourish-roots-hair-care/,"Natural Fast Powerful Hair Growth Essence Spray ProductPreventing Baldness Consolidating Anti Hair Loss Nourish Roots Hair Care",2020/09/Natural-Fast-Powerful-Hair-Growth-Essence-Spray-ProductPreventing-Baldness-Consolidating-Anti-Hair-Loss-Nourish-Roots-Hair.jpg
245414,https://linhcorner.com/shop/uncategorized/11-11-professional-high-quality-500ml-brazilian-5-formalin-straighten-keratin-hair-treatment-hair-salon-at-home-free-shipping/,"11.11 Professional High Quality 500ml Brazilian 5% Formalin Straighten Keratin Hair Treatment Hair Salon at Home Free Shipping",2020/09/11-11-Professional-High-Quality-500ml-Brazilian-5-Formalin-Straighten-Keratin-Hair-Treatment-Hair-Salon-at.jpg
245416,https://linhcorner.com/shop/uncategorized/advanced-molecular-hair-root-treatment-for-damaged-hair-care-magical-treatment-vitamins-mask-hair-fller-keratin-cream/,"Advanced Molecular Hair Root Treatment for Damaged Hair Care Magical Treatment VITAMINS MASK Hair Fller Keratin Cream",2020/09/Advanced-Molecular-Hair-Root-Treatment-for-Damaged-Hair-Care-Magical-Treatment-VITAMINS-MASK-Hair-Fller-Keratin.jpg
245439,https://linhcorner.com/shop/uncategorized/shampoo-2pcs-150mmk-magic-master-daily-dry-shampoo-and-deep-conditioner-moisturizing-repair-damaged-for-hair-after-straighten/,"Shampoo 2Pcs 150mmk Magic Master Daily Dry Shampoo and Deep Conditioner Moisturizing Repair Damaged For Hair after Straighten",2020/09/Shampoo-2Pcs-150mmk-Magic-Master-Daily-Dry-Shampoo-and-Deep-Conditioner-Moisturizing-Repair-Damaged-For-Hair.jpg
245446,https://linhcorner.com/shop/uncategorized/hair-repair-mask-5-seconds-magical-treatment-repairs-damage-restore-soft-hair-for-all-hair-types-keratin-hair-mask/,"Hair Repair Mask 5 seconds Magical treatment Repairs damage restore soft hair for all hair types keratin hair mask",2020/09/Hair-Repair-Mask-5-seconds-Magical-treatment-Repairs-damage-restore-soft-hair-for-all-hair-types.jpg
245450,https://linhcorner.com/shop/uncategorized/coconut-oil-without-formalin-1000ml-magic-master-keratin-hair-treatmentpurifying-shampooargan-oil-set/,"Coconut Oil Without Formalin 1000ml Magic Master Keratin Hair Treatment+Purifying Shampoo+Argan Oil Set",2020/09/Coconut-Oil-Without-Formalin-1000ml-Magic-Master-Keratin-Hair-Treatment-Purifying-Shampoo-Argan-Oil-Set.jpg
245451,https://linhcorner.com/shop/uncategorized/hair-mask-natural-ginger-hair-treatment-mask-anti-hair-loss-make-hair-refreshing-smoothing-improve-damage-hair-100ml/,"Hair Mask Natural Ginger Hair Treatment mask Anti-hair loss Make Hair Refreshing &amp; Smoothing Improve Damage Hair 100ml",2020/09/Hair-Mask-Natural-Ginger-Hair-Treatment-mask-Anti-hair-loss-Make-Hair-Refreshing-Smoothing-Improve-Damage.jpg
245455,https://linhcorner.com/shop/uncategorized/brazilian-professional-keratin-500ml-keravit-treatment-straighten-hair250ml-daily-shampoo-and-conditioner-repair-damaged-hair/,"Brazilian Professional Keratin 500ml Keravit Treatment Straighten Hair+250ml Daily Shampoo and Conditioner Repair Damaged Hair",2020/09/Brazilian-Professional-Keratin-500ml-Keravit-Treatment-Straighten-Hair-250ml-Daily-Shampoo-and-Conditioner-Repair-Damaged-Hair.jpg
245471,https://linhcorner.com/shop/uncategorized/morocco-hair-growth-essential-oil-prevent-hair-loss-product-nourish-hair-shampoo-stop-hair-loss-treatment-repair-damage-dry-hair/,"Morocco Hair Growth Essential Oil Prevent Hair Loss Product Nourish Hair Shampoo Stop Hair Loss Treatment Repair Damage Dry Hair",2020/09/Morocco-Hair-Growth-Essential-Oil-Prevent-Hair-Loss-Product-Nourish-Hair-Shampoo-Stop-Hair-Loss-Treatment.jpg
245482,https://linhcorner.com/shop/uncategorized/hot-sale-brazilian-keratin-famous-1000ml-12-formalin-moisturizing-treatment-for-hair-care-straighten-resistant-frizzy-hair/,"Hot Sale Brazilian Keratin Famous 1000ml 12% Formalin Moisturizing Treatment For Hair Care Straighten Resistant Frizzy Hair",2020/09/Hot-Sale-Brazilian-Keratin-Famous-1000ml-12-Formalin-Moisturizing-Treatment-For-Hair-Care-Straighten-Resistant-Frizzy.jpg
245484,https://linhcorner.com/shop/uncategorized/8-formaldehyde-1000ml-ultikare-brazilian-hair-treatment-keratin-straightfree-travel-argan-oil-hair-shampoo-and-conditioner-set/,"8% Formaldehyde 1000ml Ultikare Brazilian Hair Treatment Keratin Straight+Free Travel Argan Oil Hair Shampoo and Conditioner Set",2020/09/8-Formaldehyde-1000ml-Ultikare-Brazilian-Hair-Treatment-Keratin-Straight-Free-Travel-Argan-Oil-Hair-Shampoo-and.jpg
245486,https://linhcorner.com/shop/uncategorized/keravit-500ml-brazilian-keratin-without-formaldehyde-keratin-moisturizing-treatment-for-hair-care-sraighten-hair-salon/,"Keravit 500ml Brazilian Keratin Without Formaldehyde  Keratin Moisturizing Treatment For Hair Care Sraighten Hair Salon",2020/09/Keravit-500ml-Brazilian-Keratin-Without-Formaldehyde-Keratin-Moisturizing-Treatment-For-Hair-Care-Sraighten-Hair-Salon.jpg
245488,https://linhcorner.com/shop/uncategorized/keratin-straightening-hair-repair-and-straighten-damage-hair-120ml-brazilian-keratin-treatment-purifying-shampoo-11-11/,"Keratin Straightening hair Repair and straighten damage hair 120ml Brazilian keratin treatment + purifying shampoo 11.11",2020/09/Keratin-Straightening-hair-Repair-and-straighten-damage-hair-120ml-Brazilian-keratin-treatment-purifying-shampoo-11-11.jpg
245491,https://linhcorner.com/shop/uncategorized/superior-hydrolyzed-natural-keratin-100ml-organica-without-formaldehyde-smooth-booster-repair-damaged-hair-free-gift/,"Superior Hydrolyzed Natural Keratin 100ml Organica Without Formaldehyde Smooth Booster Repair Damaged Hair  Free Gift",2020/09/Superior-Hydrolyzed-Natural-Keratin-100ml-Organica-Without-Formaldehyde-Smooth-Booster-Repair-Damaged-Hair-Free-Gift.jpg
245510,https://linhcorner.com/shop/uncategorized/12-formaldehyde-for-resistant-hair-1000ml-ultikare-brazilian-keratin-hair-straightening-cream-treatment-hair-care-products/,"12% Formaldehyde For Resistant Hair 1000ml Ultikare Brazilian Keratin Hair Straightening Cream Treatment  Hair Care Products",2020/09/12-Formaldehyde-For-Resistant-Hair-1000ml-Ultikare-Brazilian-Keratin-Hair-Straightening-Cream-Treatment-Hair-Care-Products.jpg
245516,https://linhcorner.com/shop/uncategorized/disaar-ginger-plant-hair-essential-oil-hair-repair-furcation-protection-essential-oil/,"Disaar ginger plant hair essential oil hair repair furcation protection essential oil",2020/09/Disaar-ginger-plant-hair-essential-oil-hair-repair-furcation-protection-essential-oil.jpg
245519,https://linhcorner.com/shop/uncategorized/magical-hair-treatment-mask-5-seconds-repair-damage-hair-root-100ml-keratin-hair-scalp-treatment-deep-hair-care-mask/,"Magical Hair Treatment Mask 5 Seconds Repair Damage Hair Root 100ml Keratin Hair &amp; Scalp Treatment Deep Hair Care Mask",2020/09/Magical-Hair-Treatment-Mask-5-Seconds-Repair-Damage-Hair-Root-100ml-Keratin-Hair-Scalp-Treatment-Deep.jpg
245520,https://linhcorner.com/shop/uncategorized/keratin-hair-treatment-salon-12-formalin-brazilian-keratin-hair-treatment-straightenrepair-damaged-hair-make-shinysmooth-hair/,"Keratin hair treatment salon 12% formalin brazilian keratin hair treatment straighten&amp;repair damaged hair make shiny&amp;smooth hair",2020/09/Keratin-hair-treatment-salon-12-formalin-brazilian-keratin-hair-treatment-straighten-repair-damaged-hair-make-shiny.jpg
245530,https://linhcorner.com/shop/uncategorized/best-selling-brazilian-ds-max-daily-deep-conditioner-for-hair-professional-repair-dry-hair-moisturizing-damaged-hair/,"Best Selling Brazilian DS Max Daily Deep Conditioner For Hair Professional Repair Dry Hair Moisturizing Damaged Hair",2020/09/Best-Selling-Brazilian-DS-Max-Daily-Deep-Conditioner-For-Hair-Professional-Repair-Dry-Hair-Moisturizing-Damaged.jpg
245534,https://linhcorner.com/shop/uncategorized/keravit-brazilian-8-formalin-keratin-grape-smelling-hair-treatment-repairmoisturizing-damagedfree-red-comb/,"Keravit Brazilian 8% Formalin Keratin Grape Smelling Hair Treatment Repair&amp;Moisturizing damaged+Free Red Comb",2020/09/Keravit-Brazilian-8-Formalin-Keratin-Grape-Smelling-Hair-Treatment-Repair-Moisturizing-damaged-Free-Red-Comb.jpg
245560,https://linhcorner.com/shop/uncategorized/chocolates-brazilian-keratin-100ml-treatment-4-formaldehyde-straightening-resistant-hair100ml-purifying-shampoo-free-gift/,"Chocolates  Brazilian Keratin 100ml Treatment 4 Formaldehyde Straightening Resistant Hair+100ml Purifying Shampoo Free Gift",2020/09/Chocolates-Brazilian-Keratin-100ml-Treatment-4-Formaldehyde-Straightening-Resistant-Hair-100ml-Purifying-Shampoo-Free-Gift.jpg
245561,https://linhcorner.com/shop/uncategorized/100-natural-green-botanicals-100ml-shape-keratinpurifying-shampoosmooth-booster-with-straighten-and-smooth-damaged-cruly-hair/,"100% Natural Green Botanicals 100ML Shape Keratin+Purifying Shampoo+Smooth Booster With Straighten and Smooth Damaged Cruly Hair",2020/09/100-Natural-Green-Botanicals-100ML-Shape-Keratin-Purifying-Shampoo-Smooth-Booster-With-Straighten-and-Smooth-Damaged.jpg
245563,https://linhcorner.com/shop/uncategorized/100-natural-organic-100ml-argan-oil-moroccan-haircare-essential-oil-nourish-scalp-reply-now-repair-hydrating-treatment/,"100% Natural Organic 100ml  Argan Oil Moroccan Haircare Essential Oil Nourish Scalp Reply Now Repair Hydrating Treatment",2020/09/100-Natural-Organic-100ml-Argan-Oil-Moroccan-Haircare-Essential-Oil-Nourish-Scalp-Reply-Now-Repair-Hydrating.jpg
245565,https://linhcorner.com/shop/uncategorized/miracle-hair-treatment-12-formaldehyde-brazilian-keratin-for-resistant-curly-hair-straightening-cream-with-red-comb-products/,"Miracle Hair Treatment 12% Formaldehyde Brazilian Keratin For Resistant Curly Hair  Straightening Cream with Red Comb Products",2020/09/Miracle-Hair-Treatment-12-Formaldehyde-Brazilian-Keratin-For-Resistant-Curly-Hair-Straightening-Cream-with-Red-Comb.jpg
245567,https://linhcorner.com/shop/uncategorized/120ml-without-formalin-keratin-hair-straighten-curly-hair-products-coconut-smell-hair-treatment-with-free-travel-suit/,"120ml Without Formalin Keratin Hair Straighten Curly Hair Products Coconut Smell Hair Treatment with Free Travel Suit",2020/09/120ml-Without-Formalin-Keratin-Hair-Straighten-Curly-Hair-Products-Coconut-Smell-Hair-Treatment-with-Free-Travel.jpg
245578,https://linhcorner.com/shop/uncategorized/free-formalin-keratin-hair-treatment-and-purifying-shampoo-hair-care-products-set-brazilian-keratinfree-comb/,"Free Formalin Keratin Hair Treatment and Purifying Shampoo Hair Care Products Set Brazilian Keratin+Free Comb",2020/09/Free-Formalin-Keratin-Hair-Treatment-and-Purifying-Shampoo-Hair-Care-Products-Set-Brazilian-Keratin-Free-Comb.jpg
245603,https://linhcorner.com/shop/uncategorized/without-formalin-1000ml-magic-master-keratin-hair-treatment-coconut-smellingpurifying-shampooargan-oil-set/,"Without Formalin 1000ml Magic Master Keratin Hair Treatment Coconut Smelling+Purifying Shampoo+Argan Oil Set",2020/09/Without-Formalin-1000ml-Magic-Master-Keratin-Hair-Treatment-Coconut-Smelling-Purifying-Shampoo-Argan-Oil-Set.jpg
245604,https://linhcorner.com/shop/uncategorized/30ml-ginger-essential-oil-hair-growth-essence-hair-loss-liquid-hair-growth-essence-dense-hair-fast-grow-vitamins-care-complex/,"30ml Ginger Essential Oil Hair Growth Essence Hair Loss Liquid Hair Growth Essence Dense Hair Fast Grow Vitamins Care Complex",2020/09/30ml-Ginger-Essential-Oil-Hair-Growth-Essence-Hair-Loss-Liquid-Hair-Growth-Essence-Dense-Hair-Fast.jpg
245608,https://linhcorner.com/shop/uncategorized/straight-hair-treatment-300ml-keratin-without-formalin-and-pungent-odor300ml-purifying-shampoo-repair-damaged-hairfree-gift/,"Straight Hair Treatment 300ml Keratin Without Formalin and Pungent Odor+300ml Purifying Shampoo Repair Damaged Hair+Free Gift",2020/09/Straight-Hair-Treatment-300ml-Keratin-Without-Formalin-and-Pungent-Odor-300ml-Purifying-Shampoo-Repair-Damaged-Hair.jpg
245609,https://linhcorner.com/shop/uncategorized/1000ml-12-keratin-ultikare-brazilian-keratin-straighten-hair-treatment-for-resistant-hair-with-free-10ml-moroccan-argan-oil-set/,"1000ml 12% Keratin Ultikare Brazilian Keratin Straighten Hair Treatment For Resistant Hair With Free 10ml Moroccan Argan Oil Set",2020/09/1000ml-12-Keratin-Ultikare-Brazilian-Keratin-Straighten-Hair-Treatment-For-Resistant-Hair-With-Free-10ml-Moroccan.jpg
245612,https://linhcorner.com/shop/uncategorized/120ml-without-formalin-magic-master-keratin-coconut-smelling-repair-straighten-damaged-hair-care-treatment/,"120ml Without Formalin Magic Master Keratin Coconut Smelling Repair &amp; Straighten Damaged Hair Care Treatment",2020/09/120ml-Without-Formalin-Magic-Master-Keratin-Coconut-Smelling-Repair-Straighten-Damaged-Hair-Care-Treatment.jpg
245629,https://linhcorner.com/shop/uncategorized/hair-growth-essence-30ml-effective-scalp-nutritious-repair-hair-growth-enhance-tool-hair-care-healthy-hair-growth-essence-oil-2/,"Hair Growth Essence 30ml Effective Scalp Nutritious Repair Hair Growth Enhance Tool Hair Care Healthy Hair Growth Essence Oil",2020/09/Hair-Growth-Essence-30ml-Effective-Scalp-Nutritious-Repair-Hair-Growth-Enhance-Tool-Hair-Care-Healthy-Hair-5.jpg
245631,https://linhcorner.com/shop/uncategorized/best-selling-without-formalin-repair-damagedstraighten-hair-120ml-magic-master-keratin120ml-purifying-shampootravel-suit/,"Best Selling Without Formalin Repair Damaged&amp;Straighten Hair 120ml Magic Master Keratin+120ml Purifying Shampoo+Travel Suit",2020/09/Best-Selling-Without-Formalin-Repair-Damaged-Straighten-Hair-120ml-Magic-Master-Keratin-120ml-Purifying-Shampoo-Travel.jpg
245636,https://linhcorner.com/shop/uncategorized/silicone-head-body-wash-hair-root-care-itching-hair-scalp-massage-comb-shower-brush-bath-spa-slimming-anti-dandruff-shampoo/,"Silicone Head Body Wash Hair Root Care Itching Hair Scalp Massage Comb Shower Brush Bath Spa Slimming Anti Dandruff Shampoo",2020/09/Silicone-Head-Body-Wash-Hair-Root-Care-Itching-Hair-Scalp-Massage-Comb-Shower-Brush-Bath-Spa.jpg
245638,https://linhcorner.com/shop/uncategorized/keratin-hair-treatment-purifying-shampoo-hair-care-products-brazilian-keratin-hair-treatment-mask-5-seconds-repairs-damage-set/,"Keratin Hair Treatment Purifying Shampoo Hair Care Products Brazilian keratin Hair Treatment Mask 5 Seconds Repairs Damage Set",2020/09/Keratin-Hair-Treatment-Purifying-Shampoo-Hair-Care-Products-Brazilian-keratin-Hair-Treatment-Mask-5-Seconds-Repairs.jpg
